path	change	sha256 (removed: frozen digest)	reason
.gitignore	modified	9b0e222ccd8908a1357530db1947245d5c6144f0c435550b5ac64a34c24abbe0	noncompiled documentation / repository metadata, updated for publication
ATTRIBUTION.md	modified	6fada122fbdfd7a74d62a0a7e60432d4d86477a4568c1c4c03a121053e312bf9	noncompiled documentation / repository metadata, updated for publication
Documentation/Build Instructions.md	modified	1bbea6a24f340237f5bedcdd1e786ab76ab803b386e08861ddb28a952bb82d44	noncompiled documentation / repository metadata, updated for publication
Documentation/v0.16.1/COMPILED_INPUTS.sha256	added	947f6f37c294d5390708725b8a750d85de99c1bc30f30b5d9824ddf87411ed0b	new build record of the v0.16.1 release
Documentation/v0.16.1/IDENTITY.txt	added	2d3194a38da8582909a8587e0e3d9e6b8cb3ef7b542fc323973fd6b1c4cc6778	new build record of the v0.16.1 release
Documentation/v0.16.1/LINKED_ARCHIVES.txt	added	99e9eb9e36271fddc6ee9af79467c97bc1f353bdf5f6f07da5f6f7626e7f58ed	new build record of the v0.16.1 release
Documentation/v0.16.1/README.md	added	5dd17e69cdd7498f15235b88d721d53ddde62345bbafe846d37df609ff883140	new build record of the v0.16.1 release
Documentation/v0.16.1/SOURCE_MANIFEST.sha256	added	c5013471390cd92b3e98c387c635431320a6e500c7ef0f41afef630f5d9e23c9	new build record of the v0.16.1 release
Documentation/v0.16.1/ffmpeg-generated/config.h	added	2dfebace20e0b94c992e31d1a1176703fd90413a2a417b79d75a1649321fc672	new build record of the v0.16.1 release
Documentation/v0.16.1/ffmpeg-generated/config_components.h	added	e247b2fdfa56a8f3fdd52222178eba643da2af589d82703df5922ee145e5c9a2	new build record of the v0.16.1 release
Documentation/v0.16.1/ffmpeg-generated/libavcodec/bsf_list.c	added	bdd8790c519c97b62a52edba0b6d0b2241695e08d3c03bf026984c5e21a3e8a7	new build record of the v0.16.1 release
Documentation/v0.16.1/ffmpeg-generated/libavcodec/codec_list.c	added	85d31749c35bab0cec18ad1626d63c2e717e9f801c138bdec9cb32f7f7e0bc50	new build record of the v0.16.1 release
Documentation/v0.16.1/ffmpeg-generated/libavcodec/parser_list.c	added	39be1236ec420ae8eec44f5b1d13ae681f83a596fa460056498a23320a132b6c	new build record of the v0.16.1 release
Documentation/v0.16.1/ffmpeg-generated/libavfilter/filter_list.c	added	e816d1479babe8ba868a4c0adeea92c8d33b869d8733717d61b7060ece39f8d0	new build record of the v0.16.1 release
Documentation/v0.16.1/ffmpeg-generated/libavformat/demuxer_list.c	added	675dddd7bf96beb5e9d58bac56fd7dba65e94df6aa6bb4e9279a34f5a3ccff28	new build record of the v0.16.1 release
Documentation/v0.16.1/ffmpeg-generated/libavformat/muxer_list.c	added	286605f176b8f4c91f8e1eefabef037c51ccc12b16b7e7e94758996c490059c2	new build record of the v0.16.1 release
Documentation/v0.16.1/ffmpeg-generated/libavformat/protocol_list.c	added	894897a88d6f838f7f5896b7ddbf27bd564bd7ac1093c24703763d5ecf179914	new build record of the v0.16.1 release
Documentation/v0.16.1/ffmpeg-generated/libavutil/avconfig.h	added	975611ad5eba15212d9e1d5fca9d4fdf0daec6d2269b2fcab8e29af8667164bc	new build record of the v0.16.1 release
Documentation/v0.16.1/ffmpeg-generated/libavutil/ffversion.h	added	cefb36faadfdc2a415bd889b82796c9a92a49783104d48a135f6cb3f2dbcd5d2	new build record of the v0.16.1 release
NOTICE.md	added	e016e66b59f3cbce4ef0ae5415b7c0c940afc6f250b77a4ea9a7aa69a46447a0	new third-party notice summary
README.md	modified	a9ccc68e984da263730de3b31134fe22b9274774560f447876673b8b02ada870	noncompiled documentation / repository metadata, updated for publication
library/FFmpeg/FFmpeg/configure	modified	403544b4ed42b1ee6045e3f6900918cbd79a90674f10457fadd9a4927b7569ca	comment-only LGPL 2.1 section 2(b) modification notice appended at end of file; original sha256 369ff413c81a66cbcb678c08ba7796c3535a46d592e4c8aee5f3e3e2aaacfbee (277612 bytes, kept in SOURCE_MANIFEST.sha256; not a compiled input) + 435-byte comment sha256 d41eeea125ded128fdc9c9baab317791d0492d1891eb5c6791a38669824db30b; no line moved, build output unchanged
library/FFmpeg/FFmpeg/doc/t2h.pm	modified	16be3c68cd57883107733695509cd0f4b3d66ee796c0360c292d413a05cfcee7	comment-only LGPL 2.1 section 2(b) modification notice appended at end of file; original sha256 cdc6046c84d5ef00764a1cb47ba17812491f6564724f58e3ae1e8c15f81c77a7 (14713 bytes, kept in SOURCE_MANIFEST.sha256; not a compiled input) + 477-byte comment sha256 33a1d8f5cdbfafc43fed0cd0ee566fdf7d4fb1578c85b55bcaeae94348b0f66c; no line moved, build output unchanged
library/FFmpeg/FFmpeg/libavutil/pixfmt.h	modified	0a65cd0a5291de3a4f4297fea3857a4372109430343e91022c5456d0b7846ae2	comment-only LGPL 2.1 section 2(b) modification notice appended at end of file; original sha256 dcf362faa0b7c9e63aff3b51d0717b81f7350a776f16397ff6fc99af9f4e5ac8 (41608 bytes, kept in SOURCE_MANIFEST.sha256 and COMPILED_INPUTS.sha256) + 457-byte comment sha256 97c7fcaaf3f9b047e0cf7e385897a133bece13cfa59bdc486b8e6a90f1a8deb6; no line moved, build output unchanged
library/FFmpeg/FFmpeg/libavutil/tx.h	modified	eaaa5c0f91779dbbcfbf970758dc69c350ddc746c7928fb44120a4fccd716577	comment-only LGPL 2.1 section 2(b) modification notice appended at end of file; original sha256 28e2e254fb798a5cca996e15a920e1df188fae9e34c7891d3629d2fe92a41e2b (7174 bytes, kept in SOURCE_MANIFEST.sha256 and COMPILED_INPUTS.sha256) + 452-byte comment sha256 7138307f2f485fbe2ef485c76f16d029128b29f7f4287b58973391ff9c26f23f; no line moved, build output unchanged
library/FFmpeg/FFmpeg/libavutil/tx_template.c	modified	ef1f164891c25c6c0bf232e1016b8d8874754e98a1f5ee127537ee23e70b71d3	comment-only LGPL 2.1 section 2(b) modification notice appended at end of file; original sha256 76469fac82beaa30bab76fce61de2de7ff0b6609dc3a095cf93d4edc2717254e (90617 bytes, kept in SOURCE_MANIFEST.sha256 and COMPILED_INPUTS.sha256) + 477-byte comment sha256 b8ea0de84354aae4d630b9a3f7e95542d9dee63283d891db4cc0130f0a5a6b41; no line moved, build output unchanged
library/FFmpeg/build.txt	modified	097fc2c5102075b3270f2966691af4d7673ab988f99336cbd39070c0a7604869	noncompiled documentation / repository metadata, updated for publication
library/FFmpeg/include/libavutil/pixfmt.h	modified	0a65cd0a5291de3a4f4297fea3857a4372109430343e91022c5456d0b7846ae2	comment-only LGPL 2.1 section 2(b) modification notice appended at end of file; original sha256 dcf362faa0b7c9e63aff3b51d0717b81f7350a776f16397ff6fc99af9f4e5ac8 (41608 bytes, kept in SOURCE_MANIFEST.sha256 and COMPILED_INPUTS.sha256) + 457-byte comment sha256 97c7fcaaf3f9b047e0cf7e385897a133bece13cfa59bdc486b8e6a90f1a8deb6; no line moved, build output unchanged
library/FFmpeg/include/libavutil/tx.h	modified	eaaa5c0f91779dbbcfbf970758dc69c350ddc746c7928fb44120a4fccd716577	comment-only LGPL 2.1 section 2(b) modification notice appended at end of file; original sha256 28e2e254fb798a5cca996e15a920e1df188fae9e34c7891d3629d2fe92a41e2b (7174 bytes, kept in SOURCE_MANIFEST.sha256; not a compiled input) + 452-byte comment sha256 7138307f2f485fbe2ef485c76f16d029128b29f7f4287b58973391ff9c26f23f; no line moved, build output unchanged
library/FFmpeg/lib/pkgconfig/libavcodec.pc	removed	f8372a4d7afc50ff600667540b0bb9d3aa028a2d49b54388bd7dbf1710e9946c	generated by FFmpeg make install; not read by the app build; regenerated by scripts/build_ffmpeg.sh
library/FFmpeg/lib/pkgconfig/libavfilter.pc	removed	bc3feb58d4d2af711be57776e31de057cb76b286be61a76d430add03243c5224	generated by FFmpeg make install; not read by the app build; regenerated by scripts/build_ffmpeg.sh
library/FFmpeg/lib/pkgconfig/libavformat.pc	removed	92986e08b0ac3dad5e443a9597d92f6385e9bddf88c9bb949092c4cb39626230	generated by FFmpeg make install; not read by the app build; regenerated by scripts/build_ffmpeg.sh
library/FFmpeg/lib/pkgconfig/libavutil.pc	removed	8641ad95901f3431e2dd9cc3228dbef3b343cecc2ff14c58452cee3b1a269c8b	generated by FFmpeg make install; not read by the app build; regenerated by scripts/build_ffmpeg.sh
library/FFmpeg/lib/pkgconfig/libswresample.pc	removed	9226b770bfafa4b37ca16a6cafcc85eab3b5aed949b710f895a5b8c5509115c5	generated by FFmpeg make install; not read by the app build; regenerated by scripts/build_ffmpeg.sh
library/FFmpeg/lib/pkgconfig/libswscale.pc	removed	fd8ae994bfb2d6a1ce8cc6aadaf9993d1af5f1728c3560c3a563036720395913	generated by FFmpeg make install; not read by the app build; regenerated by scripts/build_ffmpeg.sh
library/FFmpeg/share/ffmpeg/examples/Makefile	removed	e2a4f8f5829caaf9c0f1cf93d28d944d5c8c79e760d4ce64d2eaf89df9f1bf2d	generated by FFmpeg make install (copy of doc/examples, which stays); not read by the app build
library/FFmpeg/share/ffmpeg/examples/README	removed	62449d3a232b8cd634f6293afdac97330ce0b7a67130e1a126df8670c5ff87b4	generated by FFmpeg make install (copy of doc/examples, which stays); not read by the app build
library/FFmpeg/share/ffmpeg/examples/avio_http_serve_files.c	removed	1a8e90bb702d32074bab2d5a72e7de1f077fdc7006d29db70e6e7e0984b2f929	generated by FFmpeg make install (copy of doc/examples, which stays); not read by the app build
library/FFmpeg/share/ffmpeg/examples/avio_list_dir.c	removed	a9281301000b5ab55783ef134a5aa07fe187aee97d7891a721235a558f907d03	generated by FFmpeg make install (copy of doc/examples, which stays); not read by the app build
library/FFmpeg/share/ffmpeg/examples/avio_read_callback.c	removed	c3db16617eda716d5f0c5e0e584f9f08f957079a6a78602225d83930f1cb4be1	generated by FFmpeg make install (copy of doc/examples, which stays); not read by the app build
library/FFmpeg/share/ffmpeg/examples/decode_audio.c	removed	0a5d326588e3e5bfeed73760c55917de108f70d708a54e56ee4a0f137c2bfa85	generated by FFmpeg make install (copy of doc/examples, which stays); not read by the app build
library/FFmpeg/share/ffmpeg/examples/decode_filter_audio.c	removed	12132d5982f7a7bec661b5bad13194296651af5dcd7d1850dd75d244848524fe	generated by FFmpeg make install (copy of doc/examples, which stays); not read by the app build
library/FFmpeg/share/ffmpeg/examples/decode_filter_video.c	removed	4e9b0d5f31d59fce958c6cd036d4d39c9766049adb1b67c912c6f99cde9dc1c1	generated by FFmpeg make install (copy of doc/examples, which stays); not read by the app build
library/FFmpeg/share/ffmpeg/examples/decode_video.c	removed	8e8a79d2e12e4318bee800093c3f9c9c31b348fbe0528b81f271ae0f6e3ffb2a	generated by FFmpeg make install (copy of doc/examples, which stays); not read by the app build
library/FFmpeg/share/ffmpeg/examples/demux_decode.c	removed	009e29d4913594b93af723a3802b323a3dd8586d96b1b0e97287edd4dfbab318	generated by FFmpeg make install (copy of doc/examples, which stays); not read by the app build
library/FFmpeg/share/ffmpeg/examples/encode_audio.c	removed	a1018290570c728de2e933ab78f52e1ec88e2fc096a087ad8f036b1d5f8363b6	generated by FFmpeg make install (copy of doc/examples, which stays); not read by the app build
library/FFmpeg/share/ffmpeg/examples/encode_video.c	removed	c9b1c21af4f6af47c40d36391d03b4e1d920e9199c6aae98064fb648b620beb5	generated by FFmpeg make install (copy of doc/examples, which stays); not read by the app build
library/FFmpeg/share/ffmpeg/examples/extract_mvs.c	removed	51dfd8fe549a094aad385b81e79a8246d5a98b696821678f937f53c8ba500be7	generated by FFmpeg make install (copy of doc/examples, which stays); not read by the app build
library/FFmpeg/share/ffmpeg/examples/filter_audio.c	removed	2fdf4bbb9741c79d3d17084a5e94ad620901fc5b1f4174a4236f87c3ef4921cd	generated by FFmpeg make install (copy of doc/examples, which stays); not read by the app build
library/FFmpeg/share/ffmpeg/examples/hw_decode.c	removed	023e731a26565a0e715bbc6f0d781971844811e9506e74c9c4bae6a3ec1787c3	generated by FFmpeg make install (copy of doc/examples, which stays); not read by the app build
library/FFmpeg/share/ffmpeg/examples/mux.c	removed	915901a0091dda81a12b0fc1977ce36f9fa7e0915fe1fe3dbd506589b82c8bc9	generated by FFmpeg make install (copy of doc/examples, which stays); not read by the app build
library/FFmpeg/share/ffmpeg/examples/qsv_decode.c	removed	86e1c248c0d1e1dc80ebe1c3fdd525dbf509e1ae54460c37e6525bebfca0656f	generated by FFmpeg make install (copy of doc/examples, which stays); not read by the app build
library/FFmpeg/share/ffmpeg/examples/qsv_transcode.c	removed	9d6b4a1573d5292436e6c61e1665535906535efd9ab143b45b39bba7173f2273	generated by FFmpeg make install (copy of doc/examples, which stays); not read by the app build
library/FFmpeg/share/ffmpeg/examples/remux.c	removed	8c40656b4b5d6c42e5996b576da903a7747e0de074ca4d25d9dcc43032be71a2	generated by FFmpeg make install (copy of doc/examples, which stays); not read by the app build
library/FFmpeg/share/ffmpeg/examples/resample_audio.c	removed	cb2eaba58e7d21e57367d0e925f254f06ea6b8368af0d17168417d1e8487f4b5	generated by FFmpeg make install (copy of doc/examples, which stays); not read by the app build
library/FFmpeg/share/ffmpeg/examples/scale_video.c	removed	c56a52fc425bd0e47d5ee06e14f5127b614d9e75560eff02d345083df297ca0f	generated by FFmpeg make install (copy of doc/examples, which stays); not read by the app build
library/FFmpeg/share/ffmpeg/examples/show_metadata.c	removed	fe5315ac3fe6b82632fc0f51bbe5c63fee4fee9734d4b9221ed0c0c3787661ac	generated by FFmpeg make install (copy of doc/examples, which stays); not read by the app build
library/FFmpeg/share/ffmpeg/examples/transcode.c	removed	546d24c494cba076754a4ed70ac3c2c09d7fe4ae6f3550a769e7edfc1812ba3c	generated by FFmpeg make install (copy of doc/examples, which stays); not read by the app build
library/FFmpeg/share/ffmpeg/examples/transcode_aac.c	removed	072b60abac1ed2731be700bcfee4529de6b2c3e0081f4da9230576f1d8b9f963	generated by FFmpeg make install (copy of doc/examples, which stays); not read by the app build
library/FFmpeg/share/ffmpeg/examples/vaapi_encode.c	removed	f879486e0f727c40e8125e8c8c7664c6908a30280645a9cd3548b45b93ab27fd	generated by FFmpeg make install (copy of doc/examples, which stays); not read by the app build
library/FFmpeg/share/ffmpeg/examples/vaapi_transcode.c	removed	0f9b13d39a0c508ec254d6ed29f268ee3a1a75f630afd4e17500d852341f5863	generated by FFmpeg make install (copy of doc/examples, which stays); not read by the app build
library/libcurl/lib/libcurl.la	removed	d289d9b7ed61efc89e21f939a3bf8aecd1c979760b19041bde2ef26401c8d661	libtool metadata of an upstream prebuilt archive; contains third-party build-host paths; not read by the app build
library/nghttp2/lib/libnghttp2.la	removed	61243cc81d0435fa8a90e4bab43063c19dab0ed2a5acc85728169aa389a99e11	libtool metadata of an upstream prebuilt archive; contains third-party build-host paths; not read by the app build
licenses/FFmpeg-COPYING.LGPLv2.1	added	b634ab5640e258563c536e658cad87080553df6f34f62269a21d554844e58bfe	new license notice text (upstream, unmodified)
licenses/gcc-16.1.0-COPYING.RUNTIME	added	9d6b43ce4d8de0c878bf16b54d8e7a10d9bd42b75178153e3af6a815bdc90f74	new license notice text (upstream, unmodified)
licenses/newlib-4.6.0.20260123-COPYING.LIBGLOSS	added	4ef33c7bdd57f5fa8fbe3bdc0200245ab91c564c2ef530d95bbe7fd4070757cd	new license notice text (upstream, unmodified)
licenses/newlib-4.6.0.20260123-COPYING.NEWLIB	added	f3afe48e4bc6ed8466a42e9dacb6be1d8f9cbf5aac15cb8e474a5ccde8b40ef6	new license notice text (upstream, unmodified)
resource/tools/bannertool	removed	f1f73965c5154392fe29868d0fbad5da74c8f53fd30eeeca04c803f00b083125	stale bundled host tool executable (Linux x86_64 / Windows), unverifiable provenance, not used by the accepted build (makerom v0.19.0 + bannertool v1.2.1 supplied via MAKEROM= / BANNERTOOL=)
resource/tools/bannertool.exe	removed	62a20363f7cdebd7a9564beb52dc0ae80838ca35d9f35166d5a632a0844c93d4	stale bundled host tool executable (Linux x86_64 / Windows), unverifiable provenance, not used by the accepted build (makerom v0.19.0 + bannertool v1.2.1 supplied via MAKEROM= / BANNERTOOL=)
resource/tools/makerom	removed	bb50fd70703ccfca84fef6ccdf2dfdb8202a0effe4343a5e67bc2d870cdcf829	stale bundled host tool executable (Linux x86_64 / Windows), unverifiable provenance, not used by the accepted build (makerom v0.19.0 + bannertool v1.2.1 supplied via MAKEROM= / BANNERTOOL=)
resource/tools/makerom.exe	removed	f1820a62d55eb73c422a2e007ae705e2eef401892b5c418288692b3da4dd4ee8	stale bundled host tool executable (Linux x86_64 / Windows), unverifiable provenance, not used by the accepted build (makerom v0.19.0 + bannertool v1.2.1 supplied via MAKEROM= / BANNERTOOL=)
scripts/build_ffmpeg.sh	added	5780aef3ef49cac69e374ca5e6e56d667c48010df05cff9338e59c62d7eea87a	new standalone build script (not a compiled input)
scripts/build_release.sh	added	feb5ddf9adde521f02a3d31387f2b6f3059ac91c27f0f0bb8c03849815f59320	new standalone build script (not a compiled input)
scripts/relink_ffmpeg.sh	added	2b339cdeb2ca3c02b4e843f6ef48728bd7c4c7eae0f90263c8a0eaff964b56b6	new standalone build script (not a compiled input)
third_party/README.md	modified	bb05bf4f07a743c4e51df3fa0bdbeaa7e5a062fc520f3678fb2f56c893e20a49	noncompiled documentation / repository metadata, updated for publication
third_party/sources/devkitarm-r68-runtime/buildscripts-build-gcc-stage1.sh	added	e6f7fc2884ede2c538fea93ca077a18e2633313ce75360b78dd62fda653c0d4c	new upstream source archive / patch / recipe (unmodified download)
third_party/sources/devkitarm-r68-runtime/buildscripts-build-gcc-stage2.sh	added	122b0bf41459a57a3c89627182a15cd475388ddb3e8b19ef4fde00b66277ab8f	new upstream source archive / patch / recipe (unmodified download)
third_party/sources/devkitarm-r68-runtime/buildscripts-build-newlib.sh	added	b2f79db703ae6523520b3019c5208d0f2ad532ecd7fc243c4469a3c0b09a22bf	new upstream source archive / patch / recipe (unmodified download)
third_party/sources/devkitarm-r68-runtime/buildscripts-select_toolchain.sh	added	d8ce0faa95b58c1a0e3db71ec646d3c70ba92e5f498dd3c4eaa59b4df1504402	new upstream source archive / patch / recipe (unmodified download)
third_party/sources/devkitarm-r68-runtime/devkitarm-newlib.PKGBUILD	added	e96934ed503dd7b8e75b60e5d28812b63213de737b624a86c5691cf6f33de298	new upstream source archive / patch / recipe (unmodified download)
third_party/sources/devkitarm-r68-runtime/gcc-16.1.0-1.patch	added	7b39aeadf373327bf6671e1bc3596c864eeb38a92a0e3dd553ddd7f385869981	new upstream source archive / patch / recipe (unmodified download)
third_party/sources/devkitarm-r68-runtime/newlib-4.6.0.20260123-5.patch	added	44edc33674524010c3e8469b6b0cbbc41dbe4c5f00b2a648950b2ab91c3d13fb	new upstream source archive / patch / recipe (unmodified download)
third_party/sources/devkitpro-3ds-libraries/citro2d-1.7.0.tar.gz	added	f311d1decb64668980b7a7a917a9b936a40025265df921e251f5f0537b94b86b	new upstream source archive / patch / recipe (unmodified download)
third_party/sources/devkitpro-3ds-libraries/citro3d-1.7.1.tar.gz	added	c920515a791442e81e0c2c8867dde81bf14aca17eacb2709b4a3a3c61699250c	new upstream source archive / patch / recipe (unmodified download)
third_party/sources/devkitpro-3ds-libraries/libctru-2.7.0.tar.gz	added	c0b8a5048e15a0ae02772e6db0188f5571e8c26d064d7962212a40681f0d18b3	new upstream source archive / patch / recipe (unmodified download)
third_party/sources/devkitpro-3ds-libraries/mbedtls-2.28.8.patch	added	84892ec63ab68804a582364d8c4bd6c8dfd0d697ed175bddcd5b7339cce35563	new upstream source archive / patch / recipe (unmodified download)
third_party/sources/devkitpro-3ds-libraries/mbedtls-2.28.8.tar.gz	added	4fef7de0d8d542510d726d643350acb3cdb9dc76ad45611b59c9aa08372b4213	new upstream source archive / patch / recipe (unmodified download)
third_party/sources/devkitpro-3ds-libraries/recipes/3ds-mbedtls.PKGBUILD	added	1d60a8b8ef022f4c8e5785edd1292c0b7c155b0361b768c6b594d90247fd8216	new upstream source archive / patch / recipe (unmodified download)
third_party/sources/devkitpro-3ds-libraries/recipes/3ds-zlib.PKGBUILD	added	7dbc39b28d37c19f57b3b5f92ea512bc3c6a5653cb26fb0a1f9cfeddd120f187	new upstream source archive / patch / recipe (unmodified download)
third_party/sources/devkitpro-3ds-libraries/recipes/citro2d.PKGBUILD	added	66bd554c94b273cf6597748df1cbd027d969f832b6bca2afe762ac3797b4555c	new upstream source archive / patch / recipe (unmodified download)
third_party/sources/devkitpro-3ds-libraries/recipes/citro3d.PKGBUILD	added	20ebf3117de9273d824545cd0fcbfb993bb64cb797b03bc0046f50176bdd90ce	new upstream source archive / patch / recipe (unmodified download)
third_party/sources/devkitpro-3ds-libraries/recipes/libctru.PKGBUILD	added	e3ded946070a3036d78756a3467f61e72c210f27a6901baa227661396d29214f	new upstream source archive / patch / recipe (unmodified download)
third_party/sources/devkitpro-3ds-libraries/zlib-1.3.1.tar.xz	added	38ef96b8dfe510d42707d9c781877914792541133e1870841463bfa73f883e32	new upstream source archive / patch / recipe (unmodified download)
third_party/sources/devkitpro-3ds-libraries/zlib-1.3.1.tar.xz.asc	added	5cb94995956266713cb38008402a4f112b842b5f145d8b5404a55a13e4150915	new upstream source archive / patch / recipe (unmodified download)
